{"0":{"subitems":[{"time":"","text":"\r","subtext":true},{"time":"","text":"\r","subtext":true},{"time":"","text":"Preshow: 20:16:15\r","subtext":true},{"time":"","text":"Sendungsbeginn: 20:26:10\r","subtext":true},{"time":"","text":"\r","subtext":true},{"time":"","text":"-00:10:00 Preshow #chapter\r","tags":["chapter"],"subtext":true},{"time":"","text":"Gigalinux wird zum Geburtstag gratuliert\r","subtext":true},{"time":"","text":"ePirat nimmt heute nicht auf\r","subtext":true},{"time":"","text":"Conrad Adventskalender <http:\/\/www.youtube.com\/watch?feature=player_detailpage&v=cI54wO2LQ_o#t=23s> #youtube\r","tags":["t=23s>","youtube"],"urls":["http:\/\/www.youtube.com\/watch?feature=player_detailpage&v=cI54wO2LQ_o#t=23s"],"subtext":true},{"time":"","text":"Nun ist das LED Licht schon dimmbar\r","subtext":true},{"time":"","text":"Elektrik (was ist Spannung, Stromst\u00e4rke und Wiederstand)\r","subtext":true},{"time":"","text":"CMOS IC4007 <http:\/\/www.cmos4000.de\/cmos\/4007.html>\r","urls":["http:\/\/www.cmos4000.de\/cmos\/4007.html"],"subtext":true},{"time":"","text":"MOSFET <http:\/\/de.wikipedia.org\/wiki\/MOSFET> #wikilink\r","tags":["wikilink"],"urls":["http:\/\/de.wikipedia.org\/wiki\/MOSFET"],"subtext":true},{"time":"","text":"PFETs und MFETs <http:\/\/de.wikipedia.org\/wiki\/Feldeffekttransistor> #wikilink\r","tags":["wikilink"],"urls":["http:\/\/de.wikipedia.org\/wiki\/Feldeffekttransistor"],"subtext":true},{"time":"","text":"GetDigital <http:\/\/www.getdigital.de\/>\r","urls":["http:\/\/www.getdigital.de\/"],"subtext":true},{"time":"","text":"Claudia? nimmt etwas \"aus dem Kalender\"\r","subtext":true},{"time":"","text":"LED Schn\u00fcrsenkel <http:\/\/www.getdigital.de\/products\/LED_Schnuersenkel> #shopping\r","tags":["shopping"],"urls":["http:\/\/www.getdigital.de\/products\/LED_Schnuersenkel"],"subtext":true},{"time":"","text":"29C3 in Hamburg <https:\/\/events.ccc.de\/congress\/2012\/wiki\/Main_Page> #wikilink\r","tags":["wikilink"],"urls":["https:\/\/events.ccc.de\/congress\/2012\/wiki\/Main_Page"],"subtext":true},{"time":"","text":"L\u00f6tworkshops auf dem Congress\r","subtext":true},{"time":"","text":"\r","subtext":true}]},"20":{"time":"00:00:00","text":" Intro und Nachtrag zu WG037 #chapter\r","tags":["chapter"],"chapter":true,"subitems":[{"time":"","text":"gesprochen von Siri #spoiler\r","tags":["spoiler"],"subtext":true},{"time":"","text":"Siri ist schlecht gelaunt (manisch depressiv)\r","subtext":true},{"time":"","text":"Nachtrag zu \"Panzertape statt FKK\" Sendung 037 \r","subtext":true},{"time":"","text":"15 Thesen <http:\/\/t3n.de\/news\/15-thesen-diese-techniktrends-430130\/>\r","urls":["http:\/\/t3n.de\/news\/15-thesen-diese-techniktrends-430130\/"],"subtext":true},{"time":"","text":"3-D Drucker von Staples <http:\/\/www.wired.com\/design\/2012\/11\/staples-goes-3-d\/>\r","urls":["http:\/\/www.wired.com\/design\/2012\/11\/staples-goes-3-d\/"],"subtext":true},{"time":"","text":"Waffen aus dem 3D Drucker <http:\/\/de.engadget.com\/2012\/12\/05\/video-halbes-sturmgewehr-aus-dem-3d-drucker-halt-sechs-schuss-a\/>\r","urls":["http:\/\/de.engadget.com\/2012\/12\/05\/video-halbes-sturmgewehr-aus-dem-3d-drucker-halt-sechs-schuss-a\/"],"subtext":true},{"time":"","text":"Open-Source Gewehr kann jetzt schon 6 Sch\u00fcsse abgeben\r","subtext":true},{"time":"","text":"nochmal LED Schn\u00fcrsenkel <http:\/\/www.heise.de\/tr\/artikel\/Produkte-Leuchtende-Schnuersenkel-1670759.html> #heise\r","tags":["heise"],"urls":["http:\/\/www.heise.de\/tr\/artikel\/Produkte-Leuchtende-Schnuersenkel-1670759.html"],"subtext":true},{"time":"","text":"Vertretung bei anyca.st <http:\/\/anyca.st\/2012\/any025-reziproke-schwangerschaftsvertretung> #podcast\r","tags":["podcast"],"urls":["http:\/\/anyca.st\/2012\/any025-reziproke-schwangerschaftsvertretung"],"subtext":true},{"time":"00:10:50","text":" Die Piraten sollten mehr Acht auf ihre \u00d6ffentlichkeitsarbeit geben\r","subtext":true},{"time":"","text":"\r","subtext":true}]},"32":{"time":"00:11:40","text":" News #chapter\r","tags":["chapter"],"chapter":true,"subitems":[{"time":"","text":"(K)eine \u00dcberleitung\r","subtext":true},{"time":"","text":"Weltuntergangs-Postshow am 22.12.2012 um 20:15\r","subtext":true},{"time":"","text":"Weltuntergangsgala am 21.12. u.a. mit Hoaxmaster und Holgi\r","subtext":true},{"time":"00:13:55","text":" Einspieler \"Die News\" #jingle #spoiler\r","tags":["jingle","spoiler"],"subtext":true},{"time":"","text":"Es gibt ein neues Appportal, gestartet beim IT Gipfel NRW GovApps.de <http:\/\/www.govapps.de\/>\r","urls":["http:\/\/www.govapps.de\/"],"subtext":true},{"time":"","text":"- Vorbild apps.usa.gov <http:\/\/apps.usa.gov\/>\r","urls":["http:\/\/apps.usa.gov\/"]},{"time":"00:16:35","text":" auch f\u00fcr Leute, die sich nicht f\u00fcr hei\u00dfen Social Media Schei\u00df interessieren\r","subtext":true},{"time":"00:16:58","text":" iRente\r","subtext":true},{"time":"00:18:10","text":" Verwirrende Startseite\r","subtext":true},{"time":"","text":"Sortierung nach Region (NDS: 0, BY: 8, NRW: 24)\r","subtext":true},{"time":"00:19:45","text":" Kafkas Der Prozess <http:\/\/de.wikipedia.org\/wiki\/Der_Process> #wikilink\r","tags":["wikilink"],"urls":["http:\/\/de.wikipedia.org\/wiki\/Der_Process"],"subtext":true},{"time":"","text":"AlleenFinder <https:\/\/play.google.com\/store\/apps\/details?id=de.geomobile.alleen#?t=W251bGwsMSwxLDIxMiwiZGUuZ2VvbW9iaWxlLmFsbGVlbiJd>\r","tags":["?t=W251bGwsMSwxLDIxMiwiZGUuZ2VvbW9iaWxlLmFsbGVlbiJd>"],"urls":["https:\/\/play.google.com\/store\/apps\/details?id=de.geomobile.alleen#?t=W251bGwsMSwxLDIxMiwiZGUuZ2VvbW9iaWxlLmFsbGVlbiJd"],"subtext":true},{"time":"","text":"XFinder - Diverse Finder Apps\r","subtext":true},{"time":"00:24:50","text":" Gute Idee, schlecht umgesetzt und wahrscheinlich zu teuer #spoiler\r","tags":["spoiler"],"subtext":true},{"time":"00:25:10","text":" Kosten von IT-Gro\u00dfprojekten\r","subtext":true},{"time":"00:25:50","text":" Code ist weder offen noch frei #spoiler\r","tags":["spoiler"],"subtext":true},{"time":"00:26:00","text":" Projekteckdaten <http:\/\/www.govapps.de\/projekt>\r","urls":["http:\/\/www.govapps.de\/projekt"],"subtext":true},{"time":"","text":"- 262.877,60\u20ac hat das ganze gekostet #spoiler\r","tags":["spoiler"]},{"time":"00:28:40","text":" Design, Realisierung und Hosting von\/durch Fraunhofer Institut FOKUS\r","subtext":true},{"time":"","text":"\r","subtext":true}]},"53":{"time":"00:29:00","text":" Die Deutsche Digitale Bibliothek #chapter\r","tags":["chapter"],"chapter":true,"subitems":[{"time":"00:29:00","text":" Einspieler \"Die News\" #jingle #spoiler\r","tags":["jingle","spoiler"],"subtext":true},{"time":"","text":"Die Deutsche Digitale Bibliothek <http:\/\/www.deutsche-digitale-bibliothek.de\/>\r","urls":["http:\/\/www.deutsche-digitale-bibliothek.de\/"],"subtext":true},{"time":"00:30:05","text":" Er\u00f6ffnet mit nem gro\u00dfen rotem Knopf\r","subtext":true},{"time":"","text":"- Buzzer war f\u00fcr die Presse #spoiler\r","tags":["spoiler"]},{"time":"","text":"Livestream hat \u00fcberraschenderweise funktioniert #spoiler\r","tags":["spoiler"],"subtext":true},{"time":"00:31:25","text":" Wikimedia: Betaversion war auf <beta.deutsche-digitale-bibliothek.de>\r","subtext":true},{"time":"","text":"Europeana <http:\/\/www.europeana.eu\/portal\/>\r","urls":["http:\/\/www.europeana.eu\/portal\/"],"subtext":true},{"time":"","text":"\"Mein Kampf\" war unter den beliebtesten Dokumenten #spoiler\r","tags":["spoiler"],"subtext":true},{"time":"00:36:05","text":" Deutsche Nationalbibliothek in Frankfurt <http:\/\/www.dnb.de\/>\r","urls":["http:\/\/www.dnb.de\/"],"subtext":true},{"time":"","text":"Vergleich von DDB zu Google ist Sinnlos #spoiler\r","tags":["spoiler"],"subtext":true},{"time":"00:37:00","text":" Sehr aufwendiger Indexierungsablauf bei DDB #spoiler\r","tags":["spoiler"],"subtext":true},{"time":"","text":"69 von 1068 Institutionen haben Daten im Index, die anderen m\u00fcssen noch warten\r","subtext":true},{"time":"","text":"(Meta-)Daten Standards #spoiler\r","tags":["spoiler"],"subtext":true},{"time":"","text":"Kutlurerbe Niedersachsen <http:\/\/kulturerbe.niedersachsen.de\/viewer\/start\/>\r","urls":["http:\/\/kulturerbe.niedersachsen.de\/viewer\/start\/"],"subtext":true},{"time":"00:40:25","text":" Converterscripte #spoiler\r","tags":["spoiler"],"subtext":true},{"time":"00:40:50","text":" Semantische Ebene bei DDB #spoiler\r","tags":["spoiler"],"subtext":true},{"time":"","text":"Datenbestand muss bei neuen Features neu geindexd werden\r","subtext":true},{"time":"","text":"Digitalisierung und Semantisierung #spoiler\r","tags":["spoiler"],"subtext":true},{"time":"00:43:25","text":" Lizenzen\r","subtext":true},{"time":"","text":"Artikel von Mathias Schindler <http:\/\/blog.wikimedia.de\/2012\/11\/28\/deutsche-digitale-bibliothek-beta-ddb\/>\r","urls":["http:\/\/blog.wikimedia.de\/2012\/11\/28\/deutsche-digitale-bibliothek-beta-ddb\/"],"subtext":true},{"time":"","text":"Keine offenen\/freien APIs, kein cc0 #spoiler\r","tags":["spoiler"],"subtext":true},{"time":"","text":"APIs werden freigegeben werden (n\u00e4chstes Jahr) #spoiler\r","tags":["spoiler"],"subtext":true},{"time":"00:47:00","text":" Der Aufwand der Pr\u00fcfung, was wie freigegeben werden kann, ist hoch #spoiler\r","tags":["spoiler"],"subtext":true},{"time":"","text":"Mehr Besucher f\u00fcr Museen bei offener guter Onlinepres\u00e4nz #spoiler\r","tags":["spoiler"],"subtext":true},{"time":"","text":"\"F\u00fcr die Aura des Originals\" #Zitat\r","tags":["Zitat"],"subtext":true},{"time":"","text":"Feedback war gut, aber die Vorschaubilder wurden sehr klein gehalten, aufgrund von Rechtsproblemen. #spoiler\r","tags":["spoiler"],"subtext":true},{"time":"","text":"Ein Klick f\u00fchrt zu den hochaufl\u00f6senden Versionen bei den jeweiligen Ausstellern. #spoiler\r","tags":["spoiler"],"subtext":true},{"time":"00:50:10","text":" Gekickte Features\r","subtext":true},{"time":"","text":"Staatstragende Inhalte bei den Wikigeeks #spoiler\r","tags":["spoiler"],"subtext":true},{"time":"00:51:00","text":" Arte Plus 7 vierteilige Serie \"Amerika im Wohnzimmer\" <http:\/\/programm.ard.de\/TV\/arte\/amerika-im-wohnzimmer-\/eid_287249020165294?list=now>\r","urls":["http:\/\/programm.ard.de\/TV\/arte\/amerika-im-wohnzimmer-\/eid_287249020165294?list=now"],"subtext":true},{"time":"00:53:45","text":" Einspieler \"Die News\" #jingle #spoiler\r","tags":["jingle","spoiler"],"subtext":true},{"time":"","text":"\r","subtext":true}]},"86":{"time":"00:54:00","text":" 10 Jahre Creative Commons #chapter\r","tags":["chapter"],"chapter":true,"subitems":[{"time":"","text":"Definition Jubil\u00e4en, \"alles was aus 25 teilbar ist\" <http:\/\/de.wikipedia.org\/wiki\/Jubil%C3%A4um> #wikilink\r","tags":["wikilink"],"urls":["http:\/\/de.wikipedia.org\/wiki\/Jubil%C3%A4um"],"subtext":true},{"time":"","text":"Geschichte und Herkunft des Urheberrechts\r","subtext":true},{"time":"","text":"- V\u00f6lkerrecht <http:\/\/de.wikipedia.org\/wiki\/V%C3%B6lkerrecht> #wikilink\r","tags":["wikilink"],"urls":["http:\/\/de.wikipedia.org\/wiki\/V%C3%B6lkerrecht"]},{"time":"","text":"- Vereinfachung durch Creativ Commons <http:\/\/creativecommons.org\/>\r","urls":["http:\/\/creativecommons.org\/"]},{"time":"","text":"es gibt 4 Modi mit 6 verschiedenen Lizenzen\r","subtext":true},{"time":"","text":"by (Namensnennung), nd (nicht Ver\u00e4nderbar), sa (Weiterverbreitung unter gleicher Lizenz), nc (Nicht kommerzielle Nutzung)\r","subtext":true},{"time":"00:59:25","text":" Wikicommons <http:\/\/commons.wikimedia.org\/wiki\/Main_Page>\r","urls":["http:\/\/commons.wikimedia.org\/wiki\/Main_Page"],"subtext":true},{"time":"","text":"Berner Abkommen <http:\/\/de.wikipedia.org\/wiki\/Berner_\u00dcbereinkunft_zum_Schutz_von_Werken_der_Literatur_und_Kunst> #wikilink\r","tags":["wikilink"],"urls":["http:\/\/de.wikipedia.org\/wiki\/Berner_\u00dcbereinkunft_zum_Schutz_von_Werken_der_Literatur_und_Kunst"],"subtext":true},{"time":"01:00:10","text":" Unterschied zwischen offen und frei\r","subtext":true},{"time":"","text":"Open-Source Lizenzen: Apache, BSD, GPL, MIT\r","subtext":true},{"time":"01:02:02","text":" Podpott <http:\/\/podpott.de\/>\r","urls":["http:\/\/podpott.de\/"],"subtext":true},{"time":"01:02:15","text":" Artikelserien auf ZEIT ONLINE\r","subtext":true},{"time":"","text":"Blogger Michael Seemann (@mspro) kritisiert die CC als komplizierte, elit\u00e4re Wichtigtuerei: <http:\/\/www.zeit.de\/digital\/internet\/2012-12\/creative-commons-kritik>\r","urls":["http:\/\/www.zeit.de\/digital\/internet\/2012-12\/creative-commons-kritik"],"subtext":true},{"time":"","text":" John Hendrik Weitzmann, zust\u00e4ndig  f\u00fcr rechtliche Fragen bei Creative Commons \r","subtext":true},{"time":"","text":"Deutschland, gibt einen  Ausblick auf die Entwicklung des Lizenzmodells: <http:\/\/www.zeit.de\/digital\/internet\/2012-12\/creative-commons-ausblick>\r","urls":["http:\/\/www.zeit.de\/digital\/internet\/2012-12\/creative-commons-ausblick"],"subtext":true},{"time":"","text":" Wissenschaftler  Leonard Dobusch h\u00e4lt  die Creative Commons f\u00fcr den Schl\u00fcssel zur  Vers\u00f6hnung des Urheberrechts  mit der digitalen Revolution. <http:\/\/www.zeit.de\/digital\/internet\/2012-12\/creative-commons-reform>\r","urls":["http:\/\/www.zeit.de\/digital\/internet\/2012-12\/creative-commons-reform"],"subtext":true},{"time":"01:04:45","text":" WTFPL <http:\/\/de.wikipedia.org\/wiki\/WTFPL> #wikilink\r","tags":["wikilink"],"urls":["http:\/\/de.wikipedia.org\/wiki\/WTFPL"],"subtext":true},{"time":"","text":"Redesign  #spoiler\r","tags":["spoiler"],"subtext":true},{"time":"","text":"Public Domain <http:\/\/de.wikipedia.org\/wiki\/Gemeinfreiheit#Public_Domain> #wikilink\r","tags":["Public_Domain>","wikilink"],"urls":["http:\/\/de.wikipedia.org\/wiki\/Gemeinfreiheit#Public_Domain"],"subtext":true},{"time":"","text":"\r","subtext":true}]},"107":{"time":"01:13:45","text":" Geselschaftliche Netzthemen #chapter\r","tags":["chapter"],"chapter":true,"subitems":[{"time":"01:13:46","text":" Einspieler \"Geselschaftliche Netzthemen\" #jingle #spoiler\r","tags":["jingle","spoiler"],"subtext":true},{"time":"01:13:50","text":" Hei\u00dfer SM-Shyce #spoiler\r","tags":["spoiler"],"subtext":true},{"time":"","text":"eyeQuest <http:\/\/eyequest.de\/>\r","urls":["http:\/\/eyequest.de\/"],"subtext":true},{"time":"","text":"netzwertig.com: eyeQuest erm\u00f6glicht Blick durch fremde Smartphone-Kameras <http:\/\/netzwertig.com\/2012\/05\/04\/crowdsourcing-eyequest-ermoeglicht-blick-durch-fremde-smartphone-kameras\/>\r","urls":["http:\/\/netzwertig.com\/2012\/05\/04\/crowdsourcing-eyequest-ermoeglicht-blick-durch-fremde-smartphone-kameras\/"],"subtext":true},{"time":"","text":"Adoro #spoiler\r","tags":["spoiler"],"subtext":true},{"time":"01:17:45","text":" Wikigeeks tritt gegen \"Wetten dass...\" an <http:\/\/www.zdf.de\/ZDFmediathek\/#\/kanaluebersicht\/482\/sendung\/Wetten,-dass.?> #spoiler\r","tags":["\/kanaluebersicht\/482\/sendung\/Wetten,-dass.?>","spoiler"],"urls":["http:\/\/www.zdf.de\/ZDFmediathek\/#\/kanaluebersicht\/482\/sendung\/Wetten,-dass.?"],"subtext":true},{"time":"","text":"eyeQuest und Soziologie, Spieltheorie <http:\/\/de.wikipedia.org\/wiki\/Spieltheorie> #wikilink\r","tags":["wikilink"],"urls":["http:\/\/de.wikipedia.org\/wiki\/Spieltheorie"],"subtext":true},{"time":"","text":"Google Glasses <http:\/\/en.wikipedia.org\/wiki\/Project_Glass> #wikilink\r","tags":["wikilink"],"urls":["http:\/\/en.wikipedia.org\/wiki\/Project_Glass"],"subtext":true},{"time":"","text":"Bild der Creative Commons Party <https:\/\/twitter.com\/moltke\/status\/277510751277699072>\r","urls":["https:\/\/twitter.com\/moltke\/status\/277510751277699072"],"subtext":true},{"time":"","text":"Gamification in eyeQuest\r","subtext":true},{"time":"","text":"Monetarisierung #spoiler\r","tags":["spoiler"],"subtext":true},{"time":"","text":"Verwendung von eyeQuest im Journalismus\r","subtext":true},{"time":"01:29:40","text":" rstockm: \"Die gro\u00dfe dicke mit dem A drauf\" (zum R\u00e4usperknopf)  #zitat #spoiler\r","tags":["zitat","spoiler"],"subtext":true},{"time":"01:31:00","text":" Reden mit dem Chat #spoiler\r","tags":["spoiler"],"subtext":true},{"time":"","text":"getdigital Adventskalender <http:\/\/www.getdigital.de\/>\r","urls":["http:\/\/www.getdigital.de\/"],"subtext":true},{"time":"","text":"Umgang mit Timecodes nach Schneidvorg\u00e4ngen\r","subtext":true},{"time":"","text":"Qualit\u00e4t des Podcasts bei Verwendung von Listen\/BulletPoints #spoiler\r","tags":["spoiler"],"subtext":true},{"time":"","text":"Wiimote <http:\/\/de.wikipedia.org\/wiki\/Wii-Fernbedienung> #wikiink\r","tags":["wikiink"],"urls":["http:\/\/de.wikipedia.org\/wiki\/Wii-Fernbedienung"],"subtext":true},{"time":"01:41:10","text":" Einspieler \"Die Themen\" #jingle #spoiler\r","tags":["jingle","spoiler"],"subtext":true},{"time":"","text":"Entropie <http:\/\/de.wikipedia.org\/wiki\/Entropie> #wikilink\r","tags":["wikilink"],"urls":["http:\/\/de.wikipedia.org\/wiki\/Entropie"],"subtext":true},{"time":"","text":"Tweet, Stromkonzerne sollten zum Weltuntergang die Kunden trollen, durch 10 Minuten Stromausschalten. #spoiler\r","tags":["spoiler"],"subtext":true},{"time":"","text":"FTD ist tot <http:\/\/de.wikipedia.org\/wiki\/Financial_Times_Deutschland> #wikilink\r","tags":["wikilink"],"urls":["http:\/\/de.wikipedia.org\/wiki\/Financial_Times_Deutschland"],"subtext":true},{"time":"","text":"- letzte Worte der Chefredaktion <http:\/\/www.ftd.de\/it-medien\/medien-internet\/:letzte-worte-der-chefredaktion-ihr-koennt-euch-wieder-hinlegen\/70126325.html>\r","urls":["http:\/\/www.ftd.de\/it-medien\/medien-internet\/:letzte-worte-der-chefredaktion-ihr-koennt-euch-wieder-hinlegen\/70126325.html"]},{"time":"","text":"\r","subtext":true}]},"132":{"time":"01:44:00","text":" E-Science #chapter\r","tags":["chapter"],"chapter":true,"subitems":[{"time":"","text":"Thema: E-Science (Ralfs Vorlesung an der Hochschule Hannover)\r","subtext":true},{"time":"01:44:05","text":" Paradigmenwechsel in der Wissenschaftsgeschichte\r","subtext":true},{"time":"01:46:50","text":" Vor Tausenden von Jahren  - Experimental Science: Beobachtungen und Beschreibungen nat\u00fcrlicher Ph\u00e4nomene\u000b\r","subtext":true},{"time":"","text":"- Schwerkraft\r"},{"time":"","text":"- Wasserverdrengung\r"},{"time":"","text":"- Hebelwirkung\r"},{"time":"01:47:20","text":" In den letzten Jahrhunderten - Theoretical Science mit z.B. den Newton\u2019s Gesetzen, Maxwell\u2019s Gleichungen etc.\u000b\r","subtext":true},{"time":"01:47:50","text":" In den letzten Jahrzehnten - Computational Science: Simulationen komplexer Ph\u00e4nomene\r","subtext":true},{"time":"","text":"Bisherige drei Phasen\r","subtext":true},{"time":"","text":"Tony Hey von Microsoft <http:\/\/research.microsoft.com\/en-us\/people\/tonyhey\/>\r","urls":["http:\/\/research.microsoft.com\/en-us\/people\/tonyhey\/"],"subtext":true},{"time":"01:48:35","text":" Heute \u2013 E-Science or Data-centric  Science: Zusammenf\u00fchrung von Theorie, Experiment und Simulation,  Stichworte hier: data exploration, data mining, text mining\r","subtext":true},{"time":"","text":"Tony Hey et al. (2010), The Fourth paradigm. Data-Intensive Scientific Discovery\r","subtext":true},{"time":"","text":"Beispiel DDB #spoiler\r","tags":["spoiler"],"subtext":true},{"time":"01:50:00","text":" neue Phasen\/Paradigmen dabei l\u00f6sen alte nicht ab\r","subtext":true},{"time":"01:50:50","text":" The fourth Paradigm http:\/\/research.microsoft.com\/en-us\/collaboration\/fourthparadigm\/\r","urls":["http:\/\/research.microsoft.com\/en-us\/collaboration\/fourthparadigm\/"],"subtext":true},{"time":"","text":"- Buch als PDF <http:\/\/research.microsoft.com\/en-us\/collaboration\/fourthparadigm\/4th_paradigm_book_complete_lr.pdf>\r","urls":["http:\/\/research.microsoft.com\/en-us\/collaboration\/fourthparadigm\/4th_paradigm_book_complete_lr.pdf"]},{"time":"01:51:25","text":" William Gibson: \u201cThe Future is already there, it is just unevenly distributed.\u201d\r","subtext":true},{"time":"","text":"Die Zukunft ist bereits da, wir wissen es nur nicht\r","subtext":true},{"time":"01:52:20","text":" CERN <http:\/\/public.web.cern.ch\/public\/>\r","urls":["http:\/\/public.web.cern.ch\/public\/"],"subtext":true},{"time":"","text":"- eScience in Reinkultur\r"},{"time":"","text":"Very Large Telescope <http:\/\/en.wikipedia.org\/wiki\/Very_Large_Telescope> #wikilink\r","tags":["wikilink"],"urls":["http:\/\/en.wikipedia.org\/wiki\/Very_Large_Telescope"],"subtext":true},{"time":"","text":"Europ\u00e4ische S\u00fcdsternwarte <http:\/\/www.eso.org\/public\/teles-instr\/vlt.html>\r","urls":["http:\/\/www.eso.org\/public\/teles-instr\/vlt.html"],"subtext":true},{"time":"","text":"- Wikipedia <http:\/\/de.wikipedia.org\/wiki\/Europ%C3%A4ische_S%C3%BCdsternwarte> #wikilink\r","tags":["wikilink"],"urls":["http:\/\/de.wikipedia.org\/wiki\/Europ%C3%A4ische_S%C3%BCdsternwarte"]},{"time":"","text":"- Timelapse Video <http:\/\/www.youtube.com\/watch?v=wFpeM3fxJoQ>\r","urls":["http:\/\/www.youtube.com\/watch?v=wFpeM3fxJoQ"]},{"time":"","text":"Definition E-Science in der Wikipedia: <http:\/\/de.wikipedia.org\/wiki\/E-Science> #wikilink\r","tags":["wikilink"],"urls":["http:\/\/de.wikipedia.org\/wiki\/E-Science"],"subtext":true},{"time":"","text":"es gibt viel Geld zu holen #spoiler\r","tags":["spoiler"],"subtext":true},{"time":"","text":"Barack Obama Wahlkampf\r","subtext":true},{"time":"01:57:30","text":" Die Visiualisierungen der Bibel <http:\/\/www.chrisharrison.net\/index.php\/Visualizations\/BibleViz>\r","urls":["http:\/\/www.chrisharrison.net\/index.php\/Visualizations\/BibleViz"],"subtext":true},{"time":"","text":"Medienwissenschaften in G\u00f6ttingen #spoiler\r","tags":["spoiler"],"subtext":true},{"time":"02:00:00","text":" Berufsfeld: E-Science Architekt\r","subtext":true},{"time":"","text":"Als Vermittler zwischen  Wissenschaftlern, Informatikern, Archivaren Rechenzentrumsbetreibern, F\u00f6rderern,  Politikern, Ged\u00e4chtnisinstitutionen <http:\/\/de.wikipedia.org\/wiki\/Ged\u00e4chtnisinstitution> #wikilink\r","tags":["wikilink"],"urls":["http:\/\/de.wikipedia.org\/wiki\/Ged\u00e4chtnisinstitution"],"subtext":true},{"time":"","text":"\r","subtext":true}]},"165":{"time":"02:01:25","text":" Forschungsdaten #chapter\r","tags":["chapter"],"chapter":true,"subitems":[{"time":"","text":"\"Der Datenfetisch wird hier ausgelebt\" #zitat\r","tags":["zitat"],"subtext":true},{"time":"","text":"Wikileaks sei der zuk\u00fcnftige Grundzustand der Gesellschaft #spoiler\r","tags":["spoiler"],"subtext":true},{"time":"","text":"Wir wissen nicht, was in der Zukunft Daten sein werden #spoiler\r","tags":["spoiler"],"subtext":true},{"time":"","text":"Daten wollen frei sein (cc0) <http:\/\/wiki.creativecommons.org\/CC0>\r","urls":["http:\/\/wiki.creativecommons.org\/CC0"],"subtext":true},{"time":"","text":"Open Access <http:\/\/www.open-access.net\/>\r","urls":["http:\/\/www.open-access.net\/"],"subtext":true},{"time":"","text":"\u00dcbermorgen werden Daten vernetzter sein als Morgen\r","subtext":true},{"time":"","text":"Digital Humanities <http:\/\/de.wikipedia.org\/wiki\/Digital_Humanities> #wikilink\r","tags":["wikilink"],"urls":["http:\/\/de.wikipedia.org\/wiki\/Digital_Humanities"],"subtext":true},{"time":"","text":"Semantisierung von Daten, Normzustandsverkn\u00fcpfung\r","subtext":true},{"time":"","text":"Dies sind die drei Gesetze des Kontrollverlustes #spoiler\r","tags":["spoiler"],"subtext":true},{"time":"02:06:10","text":" Das was heute vorliegt it nur ein Bruchteil dessen, was in f\u00fcnf Jahren vorliegt\r","subtext":true},{"time":"02:06:30","text":" Beispiel: die Arbeitslosen von Marienthal\r","subtext":true},{"time":"","text":"Kriegt man Wissenschaftler irgendwann dazu, ihre eigenen Texte zu semantisieren? Wahrscheinlich nicht.#spoiler\r","tags":["spoiler"],"subtext":true},{"time":"","text":"\"ich glaube ja, dass wir immer mehr probleme damit bekommen korrelationen von kausalit\u00e4ten zu unterscheiden.\" #zitat\r","tags":["zitat"],"subtext":true},{"time":"","text":"Normdaten <http:\/\/de.wikipedia.org\/wiki\/Normdatei> #wikilink #spoiler\r","tags":["wikilink","spoiler"],"urls":["http:\/\/de.wikipedia.org\/wiki\/Normdatei"],"subtext":true},{"time":"02:10:15","text":" Langzeitarchivierung, Forschungsdaten seien unbegrenzt aufzuheben\r","subtext":true},{"time":"","text":"<http:\/\/www.langzeitarchivierung.de>\r","urls":["http:\/\/www.langzeitarchivierung.de"],"subtext":true},{"time":"02:12:50","text":" Ralfs Kunstwerk im Arbeitszimmer aka Rumpelkammer #spoiler\r","tags":["spoiler"],"subtext":true},{"time":"02:13:00","text":" \"ist das Weltwissenschaft oder kann das weg?\" #zitat\r","tags":["zitat"],"subtext":true},{"time":"02:15:10","text":" Bitstream Preservation\r","subtext":true},{"time":"","text":"1\/3 Festplattendefekt bei 15 Jahre alten Festplatten\r","subtext":true},{"time":"","text":"\"Festplatten beim Sterben zugucken\" #zitat\r","tags":["zitat"],"subtext":true},{"time":"","text":"Festplatten sind nur mittelgut f\u00fcr Langzeitarchivierung wenn man kein RAID-Array dar\u00fcber hat. #spoiler\r","tags":["spoiler"],"subtext":true},{"time":"","text":"Speicherverhalten von Katzen-DNA <http:\/\/www.wired.com\/wiredscience\/2012\/08\/dna-data-storage\/>\r","urls":["http:\/\/www.wired.com\/wiredscience\/2012\/08\/dna-data-storage\/"],"subtext":true},{"time":"02:16:45","text":" technische Nachnutzbarkeit\r","subtext":true},{"time":"","text":"Dateienformate (Grafiken, Textdateien, etc.)\r","subtext":true},{"time":"","text":"keine Verschl\u00fcsselte Datentr\u00e4ger und keine Komprimierung #spoiler\r","tags":["spoiler"],"subtext":true},{"time":"02:19:15","text":" intellektuelle Nachnutzbarkeit \r","subtext":true},{"time":"","text":"Zusammenhang und Metadaten von Daten vergessen (unzureichende Dokumentation)\r","subtext":true},{"time":"02:21:25","text":" \"Archivierung ist komplett Alternativlos\" #zitat\r","tags":["zitat"],"subtext":true},{"time":"","text":"Die NASA kann nicht mehr zum Mond fliegen, weil sie nicht mehr wissen was die Daten bedeuten. #spoiler\r","tags":["spoiler"],"subtext":true},{"time":"02:22:45","text":" Emulation vs. Migration von Daten\r","subtext":true},{"time":"","text":"- am Beispiel historischer Computerspiele #spoiler\r","tags":["spoiler"]},{"time":"","text":"Ansatz, die Laufzeitumgebung zu erhalten ist ein Irrweg\r","subtext":true},{"time":"","text":"SourceCode der Apollo 11 Mission ist verf\u00fcgbar <http:\/\/googlecode.blogspot.de\/2009\/07\/apollo-11-missions-40th-anniversary-one.html>\r","urls":["http:\/\/googlecode.blogspot.de\/2009\/07\/apollo-11-missions-40th-anniversary-one.html"],"subtext":true},{"time":"","text":"Messdaten fehlen aber #spoiler\r","tags":["spoiler"],"subtext":true},{"time":"02:26:30","text":" Gorleben #spoiler\r","tags":["spoiler"],"subtext":true},{"time":"","text":"TEI <http:\/\/en.wikipedia.org\/wiki\/Text_Encoding_Initiative> #wikilink\r","tags":["wikilink"],"urls":["http:\/\/en.wikipedia.org\/wiki\/Text_Encoding_Initiative"],"subtext":true},{"time":"","text":"XML <http:\/\/de.wikipedia.org\/wiki\/Extensible_Markup_Language> #wikilink\r","tags":["wikilink"],"urls":["http:\/\/de.wikipedia.org\/wiki\/Extensible_Markup_Language"],"subtext":true},{"time":"","text":"Plaintext <http:\/\/de.wikipedia.org\/wiki\/Plain_text> #wikilink\r","tags":["wikilink"],"urls":["http:\/\/de.wikipedia.org\/wiki\/Plain_text"],"subtext":true},{"time":"","text":"\"Tut euren Kindern einen gefallen, macht auch Plaintext\" #zitat\r","tags":["zitat"],"subtext":true},{"time":"","text":"\r","subtext":true}]},"207":{"time":"02:27:40","text":" Forschungsinfrastruktur #chapter\r","tags":["chapter"],"chapter":true,"subitems":[{"time":"","text":"CLOUD & GRID\r","subtext":true},{"time":"","text":"SETI Projekt <http:\/\/de.wikipedia.org\/wiki\/SETI-Institut> #wikilink\r","tags":["wikilink"],"urls":["http:\/\/de.wikipedia.org\/wiki\/SETI-Institut"],"subtext":true},{"time":"","text":"SETI@home <http:\/\/setiathome.ssl.berkeley.edu\/>\r","urls":["http:\/\/setiathome.ssl.berkeley.edu\/"],"subtext":true},{"time":"","text":"- Wikipedia <http:\/\/de.wikipedia.org\/wiki\/SETI@home> #wikilink\r","tags":["wikilink"],"urls":["http:\/\/de.wikipedia.org\/wiki\/SETI@home"]},{"time":"","text":"BitCoin <http:\/\/de.wikipedia.org\/wiki\/Bitcoin> #wikilink\r","tags":["wikilink"],"urls":["http:\/\/de.wikipedia.org\/wiki\/Bitcoin"],"subtext":true},{"time":"","text":"Moores Law in korrelation gesetzt mit Speicher und Internetgeschwindigkeit <http:\/\/www.farces.com\/index.php\/hasten\/comments\/google_may_disrupt_internet_connectivity_incumbents>\r","urls":["http:\/\/www.farces.com\/index.php\/hasten\/comments\/google_may_disrupt_internet_connectivity_incumbents"],"subtext":true},{"time":"","text":"- Internetgeschwindigkeit steigt zu langsam (im Vergleich zu Speicher und Rechenkapazit\u00e4t)\r"},{"time":"","text":"Desolate DSL\/VDSL Leitungen, Bsp. Mobile Macs <http:\/\/mobilemacs.de> #podcast\r","tags":["podcast"],"urls":["http:\/\/mobilemacs.de"],"subtext":true},{"time":"","text":"Datenbusse sind zu langsam #spoiler\r","tags":["spoiler"],"subtext":true},{"time":"","text":"Breitbandgesellschaft <http:\/\/www.breitbandnetzgesellschaft.de\/>\r","urls":["http:\/\/www.breitbandnetzgesellschaft.de\/"],"subtext":true},{"time":"02:32:25","text":" \"LTE ist eine pseudo Alternative\" #zitat\r","tags":["zitat"],"subtext":true},{"time":"02:33:40","text":" CRE191 - Internet im Festnetz <http:\/\/cre.fm\/cre191> #podcast\r","tags":["podcast"],"urls":["http:\/\/cre.fm\/cre191"],"subtext":true},{"time":"02:34:30","text":" Festplatten\/USB-Sticks verschicken als Alternative zu schnellem Internet #spoiler\r","tags":["spoiler"],"subtext":true},{"time":"02:35:40","text":" Kollaboration in der Wissenschaft\r","subtext":true},{"time":"","text":"die Weisheit der Massen: Francis Galton <http:\/\/de.wikipedia.org\/wiki\/Francis_Galton> #wikilink\r","tags":["wikilink"],"urls":["http:\/\/de.wikipedia.org\/wiki\/Francis_Galton"],"subtext":true},{"time":"","text":"Wette auf einer Viehmesse #spoiler\r","tags":["spoiler"],"subtext":true},{"time":"","text":"Die Wette hat er verloren, der Durchschnitt der Masse ist n\u00e4her an der L\u00f6sung als der beste Experte\r","subtext":true},{"time":"","text":"Eugenik <http:\/\/de.wikipedia.org\/wiki\/Eugenik> #wikilink\r","tags":["wikilink"],"urls":["http:\/\/de.wikipedia.org\/wiki\/Eugenik"],"subtext":true},{"time":"","text":"Universalgenie mit problematischen Hintergrund #spoiler\r","tags":["spoiler"],"subtext":true},{"time":"02:38:50","text":" Kollaboratives Arbeiten <http:\/\/de.wikipedia.org\/wiki\/Kollaboration> #wikilink\r","tags":["wikilink"],"urls":["http:\/\/de.wikipedia.org\/wiki\/Kollaboration"],"subtext":true},{"time":"","text":"The Wisdom Crowds <http:\/\/www.amazon.de\/dp\/0385721706\/> #amazon #shopping\r","tags":["amazon","shopping"],"urls":["http:\/\/www.amazon.de\/gp\/product\/0385721706\/?ie=UTF8&linkCode=as2&tag=shownot.es-21"],"subtext":true},{"time":"","text":"Tipping Point #spoiler\r","tags":["spoiler"],"subtext":true},{"time":"","text":"Probleme: Abstimmung\/Verantwortlichkeiten, Paralleler Zugriff, unterschiedliche Sichtweisen\r","subtext":true},{"time":"","text":"Etherpad <http:\/\/en.wikipedia.org\/wiki\/Etherpad> #wikilink\r","tags":["wikilink"],"urls":["http:\/\/en.wikipedia.org\/wiki\/Etherpad"],"subtext":true},{"time":"","text":"Kollabartion ben\u00f6tigt Kommunikation\r","subtext":true},{"time":"","text":"Automatisierung ist besser als Crowdsourcing (wenn m\u00f6glich)\r","subtext":true},{"time":"","text":"Sony produziert keine Kassettenrekorder mehr #spoiler\r","tags":["spoiler"],"subtext":true},{"time":"","text":"Beziehungsprobleme aufgrund Mixtaps #joke #spoiler\r","tags":["joke","spoiler"],"subtext":true},{"time":"","text":"Benjamin von Stuckrad Bares Kapitel zu Mixtapes #spoiler\r","tags":["spoiler"],"subtext":true},{"time":"","text":"\r","subtext":true}]},"238":{"time":"02:47:00","text":" Datenjournalismus und Visualisierung #chapter\r","tags":["chapter"],"chapter":true,"subitems":[{"time":"","text":"Wettk\u00f6nig bei \"Wetten, dass...\" #spoiler\r","tags":["spoiler"],"subtext":true},{"time":"02:49:00","text":" Google Books NGram Viewer <http:\/\/books.google.com\/ngrams>\r","urls":["http:\/\/books.google.com\/ngrams"],"subtext":true},{"time":"02:49:50","text":" Big Data - Gregory Crane: \u201eWhat do you do with a million books?\u201c <http:\/\/www.dlib.org\/dlib\/march06\/crane\/03crane.html>\r","urls":["http:\/\/www.dlib.org\/dlib\/march06\/crane\/03crane.html"],"subtext":true},{"time":"","text":"Apple vs. Microsoft kann man nicht vergleichen (da Apple nicht eindeutig ist)\r","subtext":true},{"time":"","text":"Korrelation ungleich Kausaler Zusammenhang\r","subtext":true},{"time":"","text":"Korrelation Kircht\u00fcrme und Anzahl Morde, (siehe Hoaxmaster) #spoiler\r","tags":["spoiler"],"subtext":true},{"time":"","text":"Google Chart Toolkit <https:\/\/developers.google.com\/chart\/>\r","urls":["https:\/\/developers.google.com\/chart\/"],"subtext":true},{"time":"02:53:30","text":" Voyant Tools (Linguistische Textanalyse) <http:\/\/voyant-tools.org\/>\r","urls":["http:\/\/voyant-tools.org\/"],"subtext":true},{"time":"","text":"europeana4D <http:\/\/dev2.dariah.eu\/e4d\/>\r","urls":["http:\/\/dev2.dariah.eu\/e4d\/"],"subtext":true},{"time":"","text":"- Eurovision Song Contest \/ Grand Prix <http:\/\/dev2.dariah.eu\/e4d\/?source1=3&kml1=http%3A%2F%2Fref.dariah.eu%2Fstorage%2F111701>\r","urls":["http:\/\/dev2.dariah.eu\/e4d\/?source1=3&kml1=http%3A%2F%2Fref.dariah.eu%2Fstorage%2F111701"]},{"time":"","text":"- Bekannte St\u00f6rf\u00e4lle in AKWs <http:\/\/dev2.dariah.eu\/e4d\/?source1=3&kml1=http%3A%2F%2Fref.dariah.eu%2Fstorage%2F112251>\r","urls":["http:\/\/dev2.dariah.eu\/e4d\/?source1=3&kml1=http%3A%2F%2Fref.dariah.eu%2Fstorage%2F112251"]},{"time":"","text":"- Einf\u00fchrung des Frauenwahlrechts <http:\/\/dev2.dariah.eu\/e4d\/?source1=3&kml1=http%3A%2F%2Fref.dariah.eu%2Fstorage%2F112852>\r","urls":["http:\/\/dev2.dariah.eu\/e4d\/?source1=3&kml1=http%3A%2F%2Fref.dariah.eu%2Fstorage%2F112852"]},{"time":"","text":"- Der Wikileaks Datensatz aus Afghanistan <http:\/\/dev2.dariah.eu\/e4d\/?kml1=Guardian%20Afghanistan%20IED%20attacks&source1=0>\r","urls":["http:\/\/dev2.dariah.eu\/e4d\/?kml1=Guardian%20Afghanistan%20IED%20attacks&source1=0"]},{"time":"02:57:45","text":" Virtuelle Forschungsumgebungen VRE\r","subtext":true},{"time":"","text":"derzeit zu viel Klandestinit\u00e4t <http:\/\/de.wiktionary.org\/wiki\/klandestin> #wikilink\r","tags":["wikilink"],"urls":["http:\/\/de.wiktionary.org\/wiki\/klandestin"],"subtext":true},{"time":"","text":"Was mit \u00f6ffentlichen Geldern finanziert wird, muss auch \u00f6ffentlich sein\r","subtext":true},{"time":"","text":"\r","subtext":true}]},"256":{"time":"03:00:30","text":" Wissenschaftskommunikation #chapter\r","tags":["chapter"],"chapter":true,"subitems":[{"time":"","text":"- Wikipedia <http:\/\/de.wikipedia.org\/wiki\/Wissenschaftskommunikation> #wikilink\r","tags":["wikilink"],"urls":["http:\/\/de.wikipedia.org\/wiki\/Wissenschaftskommunikation"]},{"time":"03:01:00","text":" Viel Narzismus, Angst dass Zwischenschritte noch nicht perfekt sind\r","subtext":true},{"time":"","text":"LZMA <http:\/\/de.wikipedia.org\/wiki\/Lempel-Ziv-Markow-Algorithmus> #wikilink\r","tags":["wikilink"],"urls":["http:\/\/de.wikipedia.org\/wiki\/Lempel-Ziv-Markow-Algorithmus"],"subtext":true},{"time":"","text":"Web 1.0 Das statische Web, Web 2.0 Das mitmach Web, Web 3.0 Das Web der Dinge\r","subtext":true},{"time":"","text":"Etsy in Folge 14 <http:\/\/wikigeeks.de\/201108\/wg014-zickerei-um-den-socialmedia-burnout\/> #podcast\r","tags":["podcast"],"urls":["http:\/\/wikigeeks.de\/201108\/wg014-zickerei-um-den-socialmedia-burnout\/"],"subtext":true},{"time":"03:05:25","text":" \"Unversch\u00e4mtheit, der P\u00f6bel hat and\u00e4chtig zu lauschen\" #zitat\r","tags":["zitat"],"subtext":true},{"time":"","text":"SPARQL Sprache <http:\/\/de.wikipedia.org\/wiki\/SPARQL> #wikilink\r","tags":["wikilink"],"urls":["http:\/\/de.wikipedia.org\/wiki\/SPARQL"],"subtext":true},{"time":"","text":"SQL <http:\/\/de.wikipedia.org\/wiki\/SQL> #wikilink\r","tags":["wikilink"],"urls":["http:\/\/de.wikipedia.org\/wiki\/SQL"],"subtext":true},{"time":"","text":"phpMyAdmin <http:\/\/www.phpmyadmin.net\/home_page\/index.php>\r","urls":["http:\/\/www.phpmyadmin.net\/home_page\/index.php"],"subtext":true},{"time":"","text":"- wikipedia <http:\/\/de.wikipedia.org\/wiki\/PhpMyAdmin> #wikilink\r","tags":["wikilink"],"urls":["http:\/\/de.wikipedia.org\/wiki\/PhpMyAdmin"]},{"time":"","text":"DBpedia #spoiler\r","tags":["spoiler"],"subtext":true},{"time":"","text":"99% des Contents sind nicht semantisch verkn\u00fcpft #spoiler\r","tags":["spoiler"],"subtext":true},{"time":"03:11:50","text":" Was unterscheidet wikidata von DBpedia (DBpedia geht davon aus, dass es eine Wahrheit gibt)\r","subtext":true},{"time":"","text":"- es gibt allerdings keine Wahrheit #spoiler\r","tags":["spoiler"]},{"time":"03:14:00","text":" Multiperspektivit\u00e4t\r","subtext":true},{"time":"03:14:40","text":" Algorithmen <http:\/\/de.wikipedia.org\/wiki\/Algorithmus> #wikilink #spoiler\r","tags":["wikilink","spoiler"],"urls":["http:\/\/de.wikipedia.org\/wiki\/Algorithmus"],"subtext":true},{"time":"03:14:50","text":" Portugiesen haben einen Algorithmus zur Analyse von Texten #spoiler\r","tags":["spoiler"],"subtext":true},{"time":"03:16:00","text":" Relationale Datenbanken <http:\/\/de.wikipedia.org\/wiki\/Relationale_Datenbank> #wikilink\r","tags":["wikilink"],"urls":["http:\/\/de.wikipedia.org\/wiki\/Relationale_Datenbank"],"subtext":true},{"time":"","text":"Europeana ist auch RDF basiert #spoiler\r","tags":["spoiler"],"subtext":true},{"time":"","text":"Die 4 Seiten der Wahrheit vom 24C3 <http:\/\/media.ccc.de\/browse\/congress\/2007\/24c3-2334-de-die_wahrheit_und_was_wirklich_passierte.html> #video\r","tags":["video"],"urls":["http:\/\/media.ccc.de\/browse\/congress\/2007\/24c3-2334-de-die_wahrheit_und_was_wirklich_passierte.html"],"subtext":true},{"time":"","text":"- bei YouTube <http:\/\/www.youtube.com\/watch?v=AyoZm6RiJW8> #youtube #video\r","tags":["youtube","video"],"urls":["http:\/\/www.youtube.com\/watch?v=AyoZm6RiJW8"]},{"time":"","text":"Alternativlos 23, Verschw\u00f6rungstheorien, die sich sp\u00e4ter als wahr herausstellten.  <http:\/\/alternativlos.org\/23\/> #podcast\r","tags":["podcast"],"urls":["http:\/\/alternativlos.org\/23\/"],"subtext":true},{"time":"","text":"Major Consensus Narrative <http:\/\/en.wikipedia.org\/wiki\/Major_consensus_narrative> #wikilink #spoiler\r","tags":["wikilink","spoiler"],"urls":["http:\/\/en.wikipedia.org\/wiki\/Major_consensus_narrative"],"subtext":true},{"time":"","text":"Socially Constructed Reality <http:\/\/en.wikipedia.org\/wiki\/Socially_constructed_reality> #wikilink #spoiler\r","tags":["wikilink","spoiler"],"urls":["http:\/\/en.wikipedia.org\/wiki\/Socially_constructed_reality"],"subtext":true},{"time":"","text":"\r","subtext":true}]},"282":{"time":"03:20:30","text":" Videos #chapter\r","tags":["chapter"],"chapter":true,"subitems":[{"time":"03:20:35","text":" Einspieler \"Das Video\" #jingle #spoiler\r","tags":["jingle","spoiler"],"subtext":true},{"time":"","text":"Video bei dem eine Kamera r\u00fcckw\u00e4rtig auf ein Fahrrad gebaut wird #spoiler\r","tags":["spoiler"],"subtext":true},{"time":"","text":"Was w\u00fcrde passieren, wenn Chemische Elemente auf eine Party gehen w\u00fcrden <http:\/\/vimeo.com\/1041071> #video\r","tags":["video"],"urls":["http:\/\/vimeo.com\/1041071"],"subtext":true},{"time":"","text":"Marie Curie <http:\/\/de.wikipedia.org\/wiki\/Marie_Curie> #wikilink\r","tags":["wikilink"],"urls":["http:\/\/de.wikipedia.org\/wiki\/Marie_Curie"],"subtext":true},{"time":"","text":"\"Muss man wissen\" Meme <https:\/\/www.youtube.com\/watch?v=Hj8O7x_Qfrc> #youtube #video\r","tags":["youtube","video"],"urls":["https:\/\/www.youtube.com\/watch?v=Hj8O7x_Qfrc"],"subtext":true},{"time":"03:27:19","text":" Sendungsende: 23:53:57 Uhr #spoiler\r","tags":["spoiler"],"subtext":true}]}}